-- phpMyAdmin SQL Dump
-- version 5.2.1
-- https://www.phpmyadmin.net/
--
-- Host: localhost:8889
-- Generation Time: Sep 16, 2025 at 04:16 PM
-- Server version: 8.0.40
-- PHP Version: 8.3.14

SET SQL_MODE = "NO_AUTO_VALUE_ON_ZERO";
START TRANSACTION;
SET time_zone = "+00:00";


/*!40101 SET @OLD_CHARACTER_SET_CLIENT=@@CHARACTER_SET_CLIENT */;
/*!40101 SET @OLD_CHARACTER_SET_RESULTS=@@CHARACTER_SET_RESULTS */;
/*!40101 SET @OLD_COLLATION_CONNECTION=@@COLLATION_CONNECTION */;
/*!40101 SET NAMES utf8mb4 */;

--
-- Database: `domaci_2`
--

-- --------------------------------------------------------

--
-- Table structure for table `cache`
--

CREATE TABLE `cache` (
  `key` varchar(255) COLLATE utf8mb4_unicode_ci NOT NULL,
  `value` mediumtext COLLATE utf8mb4_unicode_ci NOT NULL,
  `expiration` int NOT NULL
) ENGINE=InnoDB DEFAULT CHARSET=utf8mb4 COLLATE=utf8mb4_unicode_ci;

-- --------------------------------------------------------

--
-- Table structure for table `cache_locks`
--

CREATE TABLE `cache_locks` (
  `key` varchar(255) COLLATE utf8mb4_unicode_ci NOT NULL,
  `owner` varchar(255) COLLATE utf8mb4_unicode_ci NOT NULL,
  `expiration` int NOT NULL
) ENGINE=InnoDB DEFAULT CHARSET=utf8mb4 COLLATE=utf8mb4_unicode_ci;

-- --------------------------------------------------------

--
-- Table structure for table `cities`
--

CREATE TABLE `cities` (
  `id` bigint UNSIGNED NOT NULL,
  `name` varchar(255) CHARACTER SET utf8mb4 COLLATE utf8mb4_unicode_ci NOT NULL,
  `created_at` timestamp NULL DEFAULT NULL,
  `updated_at` timestamp NULL DEFAULT NULL
) ENGINE=InnoDB DEFAULT CHARSET=utf8mb4 COLLATE=utf8mb4_unicode_ci;

--
-- Dumping data for table `cities`
--

INSERT INTO `cities` (`id`, `name`, `created_at`, `updated_at`) VALUES
(1, 'Jamirton', '2025-09-08 10:02:07', '2025-09-08 10:02:07'),
(2, 'Deionfort', '2025-09-08 10:02:07', '2025-09-08 10:02:07'),
(3, 'Trantowport', '2025-09-08 10:02:07', '2025-09-08 10:02:07'),
(4, 'Osinskiside', '2025-09-08 10:02:07', '2025-09-08 10:02:07'),
(5, 'Asamouth', '2025-09-08 10:02:07', '2025-09-08 10:02:07'),
(6, 'Lake Katlyn', '2025-09-08 10:02:07', '2025-09-08 10:02:07'),
(7, 'East Abelstad', '2025-09-08 10:02:07', '2025-09-08 10:02:07'),
(8, 'Port Reillyville', '2025-09-08 10:02:07', '2025-09-08 10:02:07'),
(9, 'Osinskiview', '2025-09-08 10:02:07', '2025-09-08 10:02:07'),
(10, 'Brionnaburgh', '2025-09-08 10:02:07', '2025-09-08 10:02:07'),
(11, 'North Darwinton', '2025-09-08 10:02:07', '2025-09-08 10:02:07'),
(12, 'West Garfieldmouth', '2025-09-08 10:02:07', '2025-09-08 10:02:07'),
(13, 'Busterhaven', '2025-09-08 10:02:07', '2025-09-08 10:02:07'),
(14, 'Zoieborough', '2025-09-08 10:02:07', '2025-09-08 10:02:07'),
(15, 'New Piper', '2025-09-08 10:02:07', '2025-09-08 10:02:07'),
(16, 'Cordeliaborough', '2025-09-08 10:02:07', '2025-09-08 10:02:07'),
(17, 'Swaniawskiville', '2025-09-08 10:02:07', '2025-09-08 10:02:07'),
(18, 'Nitzscheborough', '2025-09-08 10:02:07', '2025-09-08 10:02:07'),
(19, 'Tatefurt', '2025-09-08 10:02:07', '2025-09-08 10:02:07'),
(20, 'Cummeratafurt', '2025-09-08 10:02:07', '2025-09-08 10:02:07'),
(21, 'Lake Brittany', '2025-09-08 10:02:07', '2025-09-08 10:02:07'),
(22, 'New Madalineton', '2025-09-08 10:02:07', '2025-09-08 10:02:07'),
(23, 'West Hudsonmouth', '2025-09-08 10:02:07', '2025-09-08 10:02:07'),
(24, 'Beaulahville', '2025-09-08 10:02:07', '2025-09-08 10:02:07'),
(25, 'West America', '2025-09-08 10:02:07', '2025-09-08 10:02:07'),
(26, 'South Mae', '2025-09-08 10:02:07', '2025-09-08 10:02:07'),
(27, 'North Vellaside', '2025-09-08 10:02:07', '2025-09-08 10:02:07'),
(28, 'West Sigmund', '2025-09-08 10:02:07', '2025-09-08 10:02:07'),
(29, 'Tillmanland', '2025-09-08 10:02:07', '2025-09-08 10:02:07'),
(30, 'East Virginie', '2025-09-08 10:02:07', '2025-09-08 10:02:07'),
(31, 'Borerbury', '2025-09-08 10:02:07', '2025-09-08 10:02:07'),
(32, 'Riverburgh', '2025-09-08 10:02:07', '2025-09-08 10:02:07'),
(33, 'Hettingerberg', '2025-09-08 10:02:07', '2025-09-08 10:02:07'),
(34, 'South Herberthaven', '2025-09-08 10:02:07', '2025-09-08 10:02:07'),
(35, 'New Omerfurt', '2025-09-08 10:02:07', '2025-09-08 10:02:07'),
(36, 'West Simone', '2025-09-08 10:02:07', '2025-09-08 10:02:07'),
(37, 'Ankundingfort', '2025-09-08 10:02:07', '2025-09-08 10:02:07'),
(38, 'Shanahanview', '2025-09-08 10:02:07', '2025-09-08 10:02:07'),
(39, 'Ezequielshire', '2025-09-08 10:02:07', '2025-09-08 10:02:07'),
(40, 'North Brett', '2025-09-08 10:02:07', '2025-09-08 10:02:07'),
(41, 'Tierraview', '2025-09-08 10:02:07', '2025-09-08 10:02:07'),
(42, 'Kutchmouth', '2025-09-08 10:02:07', '2025-09-08 10:02:07'),
(43, 'Destineychester', '2025-09-08 10:02:07', '2025-09-08 10:02:07'),
(44, 'Schuppeland', '2025-09-08 10:02:07', '2025-09-08 10:02:07'),
(45, 'Angelamouth', '2025-09-08 10:02:07', '2025-09-08 10:02:07'),
(46, 'Hesselmouth', '2025-09-08 10:02:07', '2025-09-08 10:02:07'),
(47, 'Lake Bessiebury', '2025-09-08 10:02:07', '2025-09-08 10:02:07'),
(48, 'New Heloisefurt', '2025-09-08 10:02:07', '2025-09-08 10:02:07'),
(49, 'Torpchester', '2025-09-08 10:02:07', '2025-09-08 10:02:07'),
(50, 'Baileyshire', '2025-09-08 10:02:07', '2025-09-08 10:02:07'),
(51, 'Port Keeleyfurt', '2025-09-08 10:02:07', '2025-09-08 10:02:07'),
(52, 'Hermistonmouth', '2025-09-08 10:02:07', '2025-09-08 10:02:07'),
(53, 'West Lamontfort', '2025-09-08 10:02:07', '2025-09-08 10:02:07'),
(54, 'Millerville', '2025-09-08 10:02:07', '2025-09-08 10:02:07'),
(55, 'Osinskiberg', '2025-09-08 10:02:07', '2025-09-08 10:02:07'),
(56, 'Savanahfort', '2025-09-08 10:02:07', '2025-09-08 10:02:07'),
(57, 'New Mafaldafurt', '2025-09-08 10:02:07', '2025-09-08 10:02:07'),
(58, 'New Jayne', '2025-09-08 10:02:07', '2025-09-08 10:02:07'),
(59, 'East Gracielaton', '2025-09-08 10:02:07', '2025-09-08 10:02:07'),
(60, 'Port Pat', '2025-09-08 10:02:07', '2025-09-08 10:02:07'),
(61, 'West Madaline', '2025-09-08 10:02:07', '2025-09-08 10:02:07'),
(62, 'Reichertstad', '2025-09-08 10:02:07', '2025-09-08 10:02:07'),
(63, 'Armstrongborough', '2025-09-08 10:02:07', '2025-09-08 10:02:07'),
(64, 'Eileenport', '2025-09-08 10:02:07', '2025-09-08 10:02:07'),
(65, 'East Christopher', '2025-09-08 10:02:07', '2025-09-08 10:02:07'),
(66, 'Wolffview', '2025-09-08 10:02:07', '2025-09-08 10:02:07'),
(67, 'Adrianaside', '2025-09-08 10:02:07', '2025-09-08 10:02:07'),
(68, 'South Groverport', '2025-09-08 10:02:07', '2025-09-08 10:02:07'),
(69, 'Roxannestad', '2025-09-08 10:02:07', '2025-09-08 10:02:07'),
(70, 'South Raquelstad', '2025-09-08 10:02:07', '2025-09-08 10:02:07'),
(71, 'Lefflerfurt', '2025-09-08 10:02:07', '2025-09-08 10:02:07'),
(72, 'East Karlistad', '2025-09-08 10:02:07', '2025-09-08 10:02:07'),
(73, 'Muellerton', '2025-09-08 10:02:07', '2025-09-08 10:02:07'),
(74, 'New Alenafort', '2025-09-08 10:02:07', '2025-09-08 10:02:07'),
(75, 'Port Julietchester', '2025-09-08 10:02:07', '2025-09-08 10:02:07'),
(76, 'Corenefurt', '2025-09-08 10:02:07', '2025-09-08 10:02:07'),
(77, 'Marcelfort', '2025-09-08 10:02:07', '2025-09-08 10:02:07'),
(78, 'Kemmerland', '2025-09-08 10:02:07', '2025-09-08 10:02:07'),
(79, 'South Danykaberg', '2025-09-08 10:02:07', '2025-09-08 10:02:07'),
(80, 'Virgiefort', '2025-09-08 10:02:07', '2025-09-08 10:02:07'),
(81, 'Jenkinsmouth', '2025-09-08 10:02:07', '2025-09-08 10:02:07'),
(82, 'Mosciskimouth', '2025-09-08 10:02:07', '2025-09-08 10:02:07'),
(83, 'East Dwightport', '2025-09-08 10:02:07', '2025-09-08 10:02:07'),
(84, 'Lake Krystal', '2025-09-08 10:02:07', '2025-09-08 10:02:07'),
(85, 'Orentown', '2025-09-08 10:02:07', '2025-09-08 10:02:07'),
(86, 'Yesseniastad', '2025-09-08 10:02:07', '2025-09-08 10:02:07'),
(87, 'East Bennett', '2025-09-08 10:02:07', '2025-09-08 10:02:07'),
(88, 'Port Dorris', '2025-09-08 10:02:07', '2025-09-08 10:02:07'),
(89, 'Melvinburgh', '2025-09-08 10:02:07', '2025-09-08 10:02:07'),
(90, 'Jordanshire', '2025-09-08 10:02:07', '2025-09-08 10:02:07'),
(91, 'Jordanetown', '2025-09-08 10:02:07', '2025-09-08 10:02:07'),
(92, 'Kaylinberg', '2025-09-08 10:02:07', '2025-09-08 10:02:07'),
(93, 'South Dedrickside', '2025-09-08 10:02:07', '2025-09-08 10:02:07'),
(94, 'West Pearl', '2025-09-08 10:02:07', '2025-09-08 10:02:07'),
(95, 'Immanuelborough', '2025-09-08 10:02:07', '2025-09-08 10:02:07'),
(96, 'Lake Ceceliabury', '2025-09-08 10:02:07', '2025-09-08 10:02:07'),
(97, 'Schultzville', '2025-09-08 10:02:07', '2025-09-08 10:02:07'),
(98, 'Muellerchester', '2025-09-08 10:02:07', '2025-09-08 10:02:07'),
(99, 'South Garnet', '2025-09-08 10:02:07', '2025-09-08 10:02:07'),
(100, 'East Reymundomouth', '2025-09-08 10:02:07', '2025-09-08 10:02:07');

-- --------------------------------------------------------

--
-- Table structure for table `failed_jobs`
--

CREATE TABLE `failed_jobs` (
  `id` bigint UNSIGNED NOT NULL,
  `uuid` varchar(255) COLLATE utf8mb4_unicode_ci NOT NULL,
  `connection` text COLLATE utf8mb4_unicode_ci NOT NULL,
  `queue` text COLLATE utf8mb4_unicode_ci NOT NULL,
  `payload` longtext COLLATE utf8mb4_unicode_ci NOT NULL,
  `exception` longtext COLLATE utf8mb4_unicode_ci NOT NULL,
  `failed_at` timestamp NOT NULL DEFAULT CURRENT_TIMESTAMP
) ENGINE=InnoDB DEFAULT CHARSET=utf8mb4 COLLATE=utf8mb4_unicode_ci;

-- --------------------------------------------------------

--
-- Table structure for table `forecast`
--

CREATE TABLE `forecast` (
  `id` bigint UNSIGNED NOT NULL,
  `city_id` bigint UNSIGNED NOT NULL,
  `temperature` double NOT NULL,
  `forecast_date` date NOT NULL,
  `created_at` timestamp NULL DEFAULT NULL,
  `updated_at` timestamp NULL DEFAULT NULL
) ENGINE=InnoDB DEFAULT CHARSET=utf8mb4 COLLATE=utf8mb4_unicode_ci;

--
-- Dumping data for table `forecast`
--

INSERT INTO `forecast` (`id`, `city_id`, `temperature`, `forecast_date`, `created_at`, `updated_at`) VALUES
(1, 1, 19, '2025-09-10', '2025-09-08 10:20:58', '2025-09-08 10:20:58'),
(2, 1, 30, '2025-10-07', '2025-09-08 10:20:58', '2025-09-08 10:20:58'),
(3, 1, 19, '2025-09-22', '2025-09-08 10:20:58', '2025-09-08 10:20:58'),
(4, 1, 26, '2025-10-06', '2025-09-08 10:20:58', '2025-09-08 10:20:58'),
(5, 1, 26, '2025-10-08', '2025-09-08 10:20:58', '2025-09-08 10:20:58'),
(6, 2, 25, '2025-10-05', '2025-09-08 10:20:58', '2025-09-08 10:20:58'),
(7, 2, 15, '2025-09-26', '2025-09-08 10:20:58', '2025-09-08 10:20:58'),
(8, 2, 17, '2025-09-18', '2025-09-08 10:20:58', '2025-09-08 10:20:58'),
(9, 2, 21, '2025-10-01', '2025-09-08 10:20:58', '2025-09-08 10:20:58'),
(10, 2, 21, '2025-09-17', '2025-09-08 10:20:58', '2025-09-08 10:20:58'),
(11, 3, 25, '2025-09-10', '2025-09-08 10:20:58', '2025-09-08 10:20:58'),
(12, 3, 30, '2025-09-29', '2025-09-08 10:20:58', '2025-09-08 10:20:58'),
(13, 3, 16, '2025-10-08', '2025-09-08 10:20:58', '2025-09-08 10:20:58'),
(14, 3, 16, '2025-09-19', '2025-09-08 10:20:58', '2025-09-08 10:20:58'),
(15, 3, 21, '2025-09-27', '2025-09-08 10:20:58', '2025-09-08 10:20:58'),
(16, 4, 22, '2025-09-23', '2025-09-08 10:20:58', '2025-09-08 10:20:58'),
(17, 4, 28, '2025-09-21', '2025-09-08 10:20:58', '2025-09-08 10:20:58'),
(18, 4, 29, '2025-09-30', '2025-09-08 10:20:58', '2025-09-08 10:20:58'),
(19, 4, 21, '2025-09-26', '2025-09-08 10:20:58', '2025-09-08 10:20:58'),
(20, 4, 16, '2025-10-05', '2025-09-08 10:20:58', '2025-09-08 10:20:58'),
(21, 5, 23, '2025-09-23', '2025-09-08 10:20:58', '2025-09-08 10:20:58'),
(22, 5, 24, '2025-09-10', '2025-09-08 10:20:58', '2025-09-08 10:20:58'),
(23, 5, 25, '2025-10-05', '2025-09-08 10:20:58', '2025-09-08 10:20:58'),
(24, 5, 21, '2025-09-23', '2025-09-08 10:20:58', '2025-09-08 10:20:58'),
(25, 5, 19, '2025-09-09', '2025-09-08 10:20:58', '2025-09-08 10:20:58'),
(26, 6, 30, '2025-09-29', '2025-09-08 10:20:58', '2025-09-08 10:20:58'),
(27, 6, 15, '2025-09-20', '2025-09-08 10:20:58', '2025-09-08 10:20:58'),
(28, 6, 30, '2025-10-01', '2025-09-08 10:20:58', '2025-09-08 10:20:58'),
(29, 6, 28, '2025-09-19', '2025-09-08 10:20:58', '2025-09-08 10:20:58'),
(30, 6, 25, '2025-09-24', '2025-09-08 10:20:58', '2025-09-08 10:20:58'),
(31, 7, 30, '2025-09-23', '2025-09-08 10:20:58', '2025-09-08 10:20:58'),
(32, 7, 25, '2025-09-14', '2025-09-08 10:20:58', '2025-09-08 10:20:58'),
(33, 7, 21, '2025-09-22', '2025-09-08 10:20:58', '2025-09-08 10:20:58'),
(34, 7, 17, '2025-09-17', '2025-09-08 10:20:58', '2025-09-08 10:20:58'),
(35, 7, 16, '2025-09-20', '2025-09-08 10:20:58', '2025-09-08 10:20:58'),
(36, 8, 16, '2025-09-09', '2025-09-08 10:20:58', '2025-09-08 10:20:58'),
(37, 8, 15, '2025-09-16', '2025-09-08 10:20:58', '2025-09-08 10:20:58'),
(38, 8, 28, '2025-10-06', '2025-09-08 10:20:58', '2025-09-08 10:20:58'),
(39, 8, 25, '2025-09-16', '2025-09-08 10:20:58', '2025-09-08 10:20:58'),
(40, 8, 15, '2025-09-10', '2025-09-08 10:20:58', '2025-09-08 10:20:58'),
(41, 9, 16, '2025-09-26', '2025-09-08 10:20:58', '2025-09-08 10:20:58'),
(42, 9, 29, '2025-09-13', '2025-09-08 10:20:58', '2025-09-08 10:20:58'),
(43, 9, 27, '2025-09-14', '2025-09-08 10:20:58', '2025-09-08 10:20:58'),
(44, 9, 19, '2025-09-30', '2025-09-08 10:20:58', '2025-09-08 10:20:58'),
(45, 9, 25, '2025-09-27', '2025-09-08 10:20:58', '2025-09-08 10:20:58'),
(46, 10, 26, '2025-09-18', '2025-09-08 10:20:58', '2025-09-08 10:20:58'),
(47, 10, 20, '2025-10-07', '2025-09-08 10:20:58', '2025-09-08 10:20:58'),
(48, 10, 17, '2025-09-28', '2025-09-08 10:20:58', '2025-09-08 10:20:58'),
(49, 10, 26, '2025-09-29', '2025-09-08 10:20:58', '2025-09-08 10:20:58'),
(50, 10, 30, '2025-09-17', '2025-09-08 10:20:58', '2025-09-08 10:20:58'),
(51, 11, 29, '2025-10-06', '2025-09-08 10:20:58', '2025-09-08 10:20:58'),
(52, 11, 26, '2025-09-21', '2025-09-08 10:20:58', '2025-09-08 10:20:58'),
(53, 11, 22, '2025-09-29', '2025-09-08 10:20:58', '2025-09-08 10:20:58'),
(54, 11, 17, '2025-10-04', '2025-09-08 10:20:58', '2025-09-08 10:20:58'),
(55, 11, 28, '2025-09-11', '2025-09-08 10:20:58', '2025-09-08 10:20:58'),
(56, 12, 28, '2025-09-22', '2025-09-08 10:20:58', '2025-09-08 10:20:58'),
(57, 12, 17, '2025-09-18', '2025-09-08 10:20:58', '2025-09-08 10:20:58'),
(58, 12, 22, '2025-09-15', '2025-09-08 10:20:58', '2025-09-08 10:20:58'),
(59, 12, 27, '2025-09-22', '2025-09-08 10:20:58', '2025-09-08 10:20:58'),
(60, 12, 16, '2025-09-09', '2025-09-08 10:20:58', '2025-09-08 10:20:58'),
(61, 13, 24, '2025-09-15', '2025-09-08 10:20:58', '2025-09-08 10:20:58'),
(62, 13, 17, '2025-09-24', '2025-09-08 10:20:58', '2025-09-08 10:20:58'),
(63, 13, 15, '2025-10-07', '2025-09-08 10:20:58', '2025-09-08 10:20:58'),
(64, 13, 29, '2025-10-04', '2025-09-08 10:20:58', '2025-09-08 10:20:58'),
(65, 13, 27, '2025-10-03', '2025-09-08 10:20:58', '2025-09-08 10:20:58'),
(66, 14, 15, '2025-09-29', '2025-09-08 10:20:58', '2025-09-08 10:20:58'),
(67, 14, 16, '2025-09-28', '2025-09-08 10:20:58', '2025-09-08 10:20:58'),
(68, 14, 20, '2025-09-20', '2025-09-08 10:20:58', '2025-09-08 10:20:58'),
(69, 14, 16, '2025-10-03', '2025-09-08 10:20:58', '2025-09-08 10:20:58'),
(70, 14, 29, '2025-09-18', '2025-09-08 10:20:58', '2025-09-08 10:20:58'),
(71, 15, 26, '2025-09-17', '2025-09-08 10:20:58', '2025-09-08 10:20:58'),
(72, 15, 23, '2025-10-05', '2025-09-08 10:20:58', '2025-09-08 10:20:58'),
(73, 15, 27, '2025-09-30', '2025-09-08 10:20:58', '2025-09-08 10:20:58'),
(74, 15, 25, '2025-09-17', '2025-09-08 10:20:58', '2025-09-08 10:20:58'),
(75, 15, 21, '2025-09-19', '2025-09-08 10:20:58', '2025-09-08 10:20:58'),
(76, 16, 29, '2025-09-15', '2025-09-08 10:20:58', '2025-09-08 10:20:58'),
(77, 16, 20, '2025-09-15', '2025-09-08 10:20:58', '2025-09-08 10:20:58'),
(78, 16, 23, '2025-09-22', '2025-09-08 10:20:58', '2025-09-08 10:20:58'),
(79, 16, 16, '2025-09-26', '2025-09-08 10:20:58', '2025-09-08 10:20:58'),
(80, 16, 15, '2025-09-27', '2025-09-08 10:20:58', '2025-09-08 10:20:58'),
(81, 17, 21, '2025-09-17', '2025-09-08 10:20:58', '2025-09-08 10:20:58'),
(82, 17, 18, '2025-10-07', '2025-09-08 10:20:58', '2025-09-08 10:20:58'),
(83, 17, 27, '2025-10-04', '2025-09-08 10:20:58', '2025-09-08 10:20:58'),
(84, 17, 30, '2025-09-12', '2025-09-08 10:20:58', '2025-09-08 10:20:58'),
(85, 17, 27, '2025-09-24', '2025-09-08 10:20:58', '2025-09-08 10:20:58'),
(86, 18, 22, '2025-09-20', '2025-09-08 10:20:58', '2025-09-08 10:20:58'),
(87, 18, 19, '2025-09-18', '2025-09-08 10:20:58', '2025-09-08 10:20:58'),
(88, 18, 21, '2025-10-07', '2025-09-08 10:20:58', '2025-09-08 10:20:58'),
(89, 18, 17, '2025-09-13', '2025-09-08 10:20:58', '2025-09-08 10:20:58'),
(90, 18, 30, '2025-10-06', '2025-09-08 10:20:58', '2025-09-08 10:20:58'),
(91, 19, 23, '2025-09-23', '2025-09-08 10:20:58', '2025-09-08 10:20:58'),
(92, 19, 27, '2025-10-05', '2025-09-08 10:20:58', '2025-09-08 10:20:58'),
(93, 19, 28, '2025-09-13', '2025-09-08 10:20:58', '2025-09-08 10:20:58'),
(94, 19, 25, '2025-09-26', '2025-09-08 10:20:58', '2025-09-08 10:20:58'),
(95, 19, 20, '2025-10-06', '2025-09-08 10:20:58', '2025-09-08 10:20:58'),
(96, 20, 30, '2025-09-17', '2025-09-08 10:20:58', '2025-09-08 10:20:58'),
(97, 20, 28, '2025-10-03', '2025-09-08 10:20:58', '2025-09-08 10:20:58'),
(98, 20, 19, '2025-09-22', '2025-09-08 10:20:58', '2025-09-08 10:20:58'),
(99, 20, 25, '2025-09-14', '2025-09-08 10:20:58', '2025-09-08 10:20:58'),
(100, 20, 19, '2025-09-17', '2025-09-08 10:20:58', '2025-09-08 10:20:58'),
(101, 21, 21, '2025-09-17', '2025-09-08 10:20:58', '2025-09-08 10:20:58'),
(102, 21, 26, '2025-10-01', '2025-09-08 10:20:58', '2025-09-08 10:20:58'),
(103, 21, 21, '2025-09-11', '2025-09-08 10:20:58', '2025-09-08 10:20:58'),
(104, 21, 15, '2025-09-22', '2025-09-08 10:20:58', '2025-09-08 10:20:58'),
(105, 21, 30, '2025-09-11', '2025-09-08 10:20:58', '2025-09-08 10:20:58'),
(106, 22, 20, '2025-09-24', '2025-09-08 10:20:58', '2025-09-08 10:20:58'),
(107, 22, 24, '2025-10-06', '2025-09-08 10:20:58', '2025-09-08 10:20:58'),
(108, 22, 23, '2025-10-06', '2025-09-08 10:20:58', '2025-09-08 10:20:58'),
(109, 22, 23, '2025-09-14', '2025-09-08 10:20:58', '2025-09-08 10:20:58'),
(110, 22, 22, '2025-09-16', '2025-09-08 10:20:58', '2025-09-08 10:20:58'),
(111, 23, 24, '2025-10-03', '2025-09-08 10:20:58', '2025-09-08 10:20:58'),
(112, 23, 29, '2025-09-23', '2025-09-08 10:20:58', '2025-09-08 10:20:58'),
(113, 23, 18, '2025-09-10', '2025-09-08 10:20:58', '2025-09-08 10:20:58'),
(114, 23, 22, '2025-09-19', '2025-09-08 10:20:58', '2025-09-08 10:20:58'),
(115, 23, 21, '2025-10-04', '2025-09-08 10:20:58', '2025-09-08 10:20:58'),
(116, 24, 23, '2025-09-19', '2025-09-08 10:20:58', '2025-09-08 10:20:58'),
(117, 24, 25, '2025-10-05', '2025-09-08 10:20:58', '2025-09-08 10:20:58'),
(118, 24, 16, '2025-10-05', '2025-09-08 10:20:58', '2025-09-08 10:20:58'),
(119, 24, 24, '2025-10-08', '2025-09-08 10:20:58', '2025-09-08 10:20:58'),
(120, 24, 16, '2025-09-26', '2025-09-08 10:20:58', '2025-09-08 10:20:58'),
(121, 25, 23, '2025-09-13', '2025-09-08 10:20:58', '2025-09-08 10:20:58'),
(122, 25, 24, '2025-09-18', '2025-09-08 10:20:58', '2025-09-08 10:20:58'),
(123, 25, 16, '2025-09-11', '2025-09-08 10:20:58', '2025-09-08 10:20:58'),
(124, 25, 29, '2025-10-07', '2025-09-08 10:20:58', '2025-09-08 10:20:58'),
(125, 25, 16, '2025-09-19', '2025-09-08 10:20:58', '2025-09-08 10:20:58'),
(126, 26, 17, '2025-09-16', '2025-09-08 10:20:58', '2025-09-08 10:20:58'),
(127, 26, 21, '2025-09-13', '2025-09-08 10:20:58', '2025-09-08 10:20:58'),
(128, 26, 28, '2025-09-27', '2025-09-08 10:20:58', '2025-09-08 10:20:58'),
(129, 26, 20, '2025-09-17', '2025-09-08 10:20:58', '2025-09-08 10:20:58'),
(130, 26, 28, '2025-10-03', '2025-09-08 10:20:58', '2025-09-08 10:20:58'),
(131, 27, 22, '2025-09-25', '2025-09-08 10:20:58', '2025-09-08 10:20:58'),
(132, 27, 15, '2025-10-06', '2025-09-08 10:20:58', '2025-09-08 10:20:58'),
(133, 27, 18, '2025-10-04', '2025-09-08 10:20:58', '2025-09-08 10:20:58'),
(134, 27, 25, '2025-09-21', '2025-09-08 10:20:58', '2025-09-08 10:20:58'),
(135, 27, 30, '2025-10-07', '2025-09-08 10:20:58', '2025-09-08 10:20:58'),
(136, 28, 17, '2025-09-10', '2025-09-08 10:20:58', '2025-09-08 10:20:58'),
(137, 28, 16, '2025-09-24', '2025-09-08 10:20:58', '2025-09-08 10:20:58'),
(138, 28, 29, '2025-09-27', '2025-09-08 10:20:58', '2025-09-08 10:20:58'),
(139, 28, 15, '2025-09-25', '2025-09-08 10:20:58', '2025-09-08 10:20:58'),
(140, 28, 20, '2025-10-06', '2025-09-08 10:20:58', '2025-09-08 10:20:58'),
(141, 29, 29, '2025-09-30', '2025-09-08 10:20:58', '2025-09-08 10:20:58'),
(142, 29, 16, '2025-09-13', '2025-09-08 10:20:58', '2025-09-08 10:20:58'),
(143, 29, 30, '2025-09-27', '2025-09-08 10:20:58', '2025-09-08 10:20:58'),
(144, 29, 22, '2025-09-26', '2025-09-08 10:20:58', '2025-09-08 10:20:58'),
(145, 29, 30, '2025-09-13', '2025-09-08 10:20:58', '2025-09-08 10:20:58'),
(146, 30, 16, '2025-10-07', '2025-09-08 10:20:58', '2025-09-08 10:20:58'),
(147, 30, 30, '2025-09-18', '2025-09-08 10:20:58', '2025-09-08 10:20:58'),
(148, 30, 23, '2025-09-25', '2025-09-08 10:20:58', '2025-09-08 10:20:58'),
(149, 30, 20, '2025-09-20', '2025-09-08 10:20:58', '2025-09-08 10:20:58'),
(150, 30, 27, '2025-09-30', '2025-09-08 10:20:58', '2025-09-08 10:20:58'),
(151, 31, 17, '2025-09-26', '2025-09-08 10:20:58', '2025-09-08 10:20:58'),
(152, 31, 26, '2025-10-04', '2025-09-08 10:20:58', '2025-09-08 10:20:58'),
(153, 31, 28, '2025-10-07', '2025-09-08 10:20:58', '2025-09-08 10:20:58'),
(154, 31, 21, '2025-09-26', '2025-09-08 10:20:58', '2025-09-08 10:20:58'),
(155, 31, 15, '2025-09-11', '2025-09-08 10:20:58', '2025-09-08 10:20:58'),
(156, 32, 28, '2025-09-30', '2025-09-08 10:20:58', '2025-09-08 10:20:58'),
(157, 32, 22, '2025-10-08', '2025-09-08 10:20:58', '2025-09-08 10:20:58'),
(158, 32, 20, '2025-10-01', '2025-09-08 10:20:58', '2025-09-08 10:20:58'),
(159, 32, 20, '2025-09-29', '2025-09-08 10:20:58', '2025-09-08 10:20:58'),
(160, 32, 16, '2025-10-08', '2025-09-08 10:20:58', '2025-09-08 10:20:58'),
(161, 33, 24, '2025-10-02', '2025-09-08 10:20:58', '2025-09-08 10:20:58'),
(162, 33, 20, '2025-09-26', '2025-09-08 10:20:58', '2025-09-08 10:20:58'),
(163, 33, 19, '2025-09-23', '2025-09-08 10:20:58', '2025-09-08 10:20:58'),
(164, 33, 29, '2025-09-23', '2025-09-08 10:20:58', '2025-09-08 10:20:58'),
(165, 33, 16, '2025-09-27', '2025-09-08 10:20:58', '2025-09-08 10:20:58'),
(166, 34, 26, '2025-09-13', '2025-09-08 10:20:58', '2025-09-08 10:20:58'),
(167, 34, 25, '2025-09-23', '2025-09-08 10:20:58', '2025-09-08 10:20:58'),
(168, 34, 23, '2025-10-08', '2025-09-08 10:20:58', '2025-09-08 10:20:58'),
(169, 34, 23, '2025-09-17', '2025-09-08 10:20:58', '2025-09-08 10:20:58'),
(170, 34, 18, '2025-09-28', '2025-09-08 10:20:58', '2025-09-08 10:20:58'),
(171, 35, 27, '2025-09-25', '2025-09-08 10:20:58', '2025-09-08 10:20:58'),
(172, 35, 30, '2025-10-04', '2025-09-08 10:20:58', '2025-09-08 10:20:58'),
(173, 35, 30, '2025-10-07', '2025-09-08 10:20:58', '2025-09-08 10:20:58'),
(174, 35, 18, '2025-09-20', '2025-09-08 10:20:58', '2025-09-08 10:20:58'),
(175, 35, 26, '2025-09-13', '2025-09-08 10:20:58', '2025-09-08 10:20:58'),
(176, 36, 28, '2025-09-13', '2025-09-08 10:20:58', '2025-09-08 10:20:58'),
(177, 36, 23, '2025-09-23', '2025-09-08 10:20:58', '2025-09-08 10:20:58'),
(178, 36, 23, '2025-09-23', '2025-09-08 10:20:58', '2025-09-08 10:20:58'),
(179, 36, 25, '2025-09-29', '2025-09-08 10:20:58', '2025-09-08 10:20:58'),
(180, 36, 30, '2025-09-27', '2025-09-08 10:20:58', '2025-09-08 10:20:58'),
(181, 37, 18, '2025-10-04', '2025-09-08 10:20:58', '2025-09-08 10:20:58'),
(182, 37, 21, '2025-09-21', '2025-09-08 10:20:58', '2025-09-08 10:20:58'),
(183, 37, 23, '2025-10-06', '2025-09-08 10:20:58', '2025-09-08 10:20:58'),
(184, 37, 19, '2025-09-11', '2025-09-08 10:20:58', '2025-09-08 10:20:58'),
(185, 37, 22, '2025-09-27', '2025-09-08 10:20:58', '2025-09-08 10:20:58'),
(186, 38, 22, '2025-09-13', '2025-09-08 10:20:58', '2025-09-08 10:20:58'),
(187, 38, 30, '2025-09-12', '2025-09-08 10:20:58', '2025-09-08 10:20:58'),
(188, 38, 16, '2025-09-21', '2025-09-08 10:20:58', '2025-09-08 10:20:58'),
(189, 38, 24, '2025-09-14', '2025-09-08 10:20:58', '2025-09-08 10:20:58'),
(190, 38, 22, '2025-10-04', '2025-09-08 10:20:58', '2025-09-08 10:20:58'),
(191, 39, 29, '2025-10-06', '2025-09-08 10:20:58', '2025-09-08 10:20:58'),
(192, 39, 15, '2025-10-07', '2025-09-08 10:20:58', '2025-09-08 10:20:58'),
(193, 39, 26, '2025-09-28', '2025-09-08 10:20:58', '2025-09-08 10:20:58'),
(194, 39, 15, '2025-09-27', '2025-09-08 10:20:58', '2025-09-08 10:20:58'),
(195, 39, 25, '2025-10-07', '2025-09-08 10:20:58', '2025-09-08 10:20:58'),
(196, 40, 21, '2025-10-04', '2025-09-08 10:20:58', '2025-09-08 10:20:58'),
(197, 40, 26, '2025-10-01', '2025-09-08 10:20:58', '2025-09-08 10:20:58'),
(198, 40, 24, '2025-09-09', '2025-09-08 10:20:58', '2025-09-08 10:20:58'),
(199, 40, 27, '2025-09-16', '2025-09-08 10:20:58', '2025-09-08 10:20:58'),
(200, 40, 19, '2025-09-29', '2025-09-08 10:20:58', '2025-09-08 10:20:58'),
(201, 41, 28, '2025-09-24', '2025-09-08 10:20:58', '2025-09-08 10:20:58'),
(202, 41, 17, '2025-09-18', '2025-09-08 10:20:58', '2025-09-08 10:20:58'),
(203, 41, 25, '2025-09-15', '2025-09-08 10:20:58', '2025-09-08 10:20:58'),
(204, 41, 17, '2025-10-01', '2025-09-08 10:20:58', '2025-09-08 10:20:58'),
(205, 41, 24, '2025-09-17', '2025-09-08 10:20:58', '2025-09-08 10:20:58'),
(206, 42, 28, '2025-09-20', '2025-09-08 10:20:58', '2025-09-08 10:20:58'),
(207, 42, 26, '2025-09-09', '2025-09-08 10:20:58', '2025-09-08 10:20:58'),
(208, 42, 25, '2025-09-30', '2025-09-08 10:20:58', '2025-09-08 10:20:58'),
(209, 42, 21, '2025-10-08', '2025-09-08 10:20:58', '2025-09-08 10:20:58'),
(210, 42, 17, '2025-09-11', '2025-09-08 10:20:58', '2025-09-08 10:20:58'),
(211, 43, 18, '2025-09-15', '2025-09-08 10:20:58', '2025-09-08 10:20:58'),
(212, 43, 21, '2025-09-10', '2025-09-08 10:20:58', '2025-09-08 10:20:58'),
(213, 43, 24, '2025-09-13', '2025-09-08 10:20:58', '2025-09-08 10:20:58'),
(214, 43, 22, '2025-09-15', '2025-09-08 10:20:58', '2025-09-08 10:20:58'),
(215, 43, 19, '2025-09-14', '2025-09-08 10:20:58', '2025-09-08 10:20:58'),
(216, 44, 15, '2025-10-08', '2025-09-08 10:20:58', '2025-09-08 10:20:58'),
(217, 44, 15, '2025-10-07', '2025-09-08 10:20:58', '2025-09-08 10:20:58'),
(218, 44, 28, '2025-09-13', '2025-09-08 10:20:58', '2025-09-08 10:20:58'),
(219, 44, 27, '2025-09-24', '2025-09-08 10:20:58', '2025-09-08 10:20:58'),
(220, 44, 26, '2025-09-23', '2025-09-08 10:20:58', '2025-09-08 10:20:58'),
(221, 45, 18, '2025-09-14', '2025-09-08 10:20:58', '2025-09-08 10:20:58'),
(222, 45, 19, '2025-09-30', '2025-09-08 10:20:58', '2025-09-08 10:20:58'),
(223, 45, 24, '2025-10-02', '2025-09-08 10:20:58', '2025-09-08 10:20:58'),
(224, 45, 23, '2025-09-11', '2025-09-08 10:20:58', '2025-09-08 10:20:58'),
(225, 45, 19, '2025-09-20', '2025-09-08 10:20:58', '2025-09-08 10:20:58'),
(226, 46, 27, '2025-10-06', '2025-09-08 10:20:58', '2025-09-08 10:20:58'),
(227, 46, 25, '2025-09-27', '2025-09-08 10:20:58', '2025-09-08 10:20:58'),
(228, 46, 26, '2025-09-30', '2025-09-08 10:20:58', '2025-09-08 10:20:58'),
(229, 46, 24, '2025-09-29', '2025-09-08 10:20:58', '2025-09-08 10:20:58'),
(230, 46, 21, '2025-09-23', '2025-09-08 10:20:58', '2025-09-08 10:20:58'),
(231, 47, 27, '2025-09-21', '2025-09-08 10:20:58', '2025-09-08 10:20:58'),
(232, 47, 27, '2025-09-10', '2025-09-08 10:20:58', '2025-09-08 10:20:58'),
(233, 47, 15, '2025-09-28', '2025-09-08 10:20:58', '2025-09-08 10:20:58'),
(234, 47, 29, '2025-09-11', '2025-09-08 10:20:58', '2025-09-08 10:20:58'),
(235, 47, 16, '2025-10-05', '2025-09-08 10:20:58', '2025-09-08 10:20:58'),
(236, 48, 18, '2025-09-23', '2025-09-08 10:20:58', '2025-09-08 10:20:58'),
(237, 48, 19, '2025-09-11', '2025-09-08 10:20:58', '2025-09-08 10:20:58'),
(238, 48, 23, '2025-09-29', '2025-09-08 10:20:58', '2025-09-08 10:20:58'),
(239, 48, 22, '2025-09-30', '2025-09-08 10:20:58', '2025-09-08 10:20:58'),
(240, 48, 25, '2025-09-22', '2025-09-08 10:20:58', '2025-09-08 10:20:58'),
(241, 49, 18, '2025-09-10', '2025-09-08 10:20:58', '2025-09-08 10:20:58'),
(242, 49, 30, '2025-09-22', '2025-09-08 10:20:58', '2025-09-08 10:20:58'),
(243, 49, 16, '2025-09-12', '2025-09-08 10:20:58', '2025-09-08 10:20:58'),
(244, 49, 26, '2025-09-21', '2025-09-08 10:20:58', '2025-09-08 10:20:58'),
(245, 49, 17, '2025-09-23', '2025-09-08 10:20:58', '2025-09-08 10:20:58'),
(246, 50, 17, '2025-09-30', '2025-09-08 10:20:58', '2025-09-08 10:20:58'),
(247, 50, 25, '2025-09-26', '2025-09-08 10:20:58', '2025-09-08 10:20:58'),
(248, 50, 30, '2025-09-18', '2025-09-08 10:20:58', '2025-09-08 10:20:58'),
(249, 50, 26, '2025-09-11', '2025-09-08 10:20:58', '2025-09-08 10:20:58'),
(250, 50, 19, '2025-09-16', '2025-09-08 10:20:58', '2025-09-08 10:20:58'),
(251, 51, 27, '2025-10-05', '2025-09-08 10:20:58', '2025-09-08 10:20:58'),
(252, 51, 22, '2025-09-22', '2025-09-08 10:20:58', '2025-09-08 10:20:58'),
(253, 51, 25, '2025-09-10', '2025-09-08 10:20:58', '2025-09-08 10:20:58'),
(254, 51, 29, '2025-09-14', '2025-09-08 10:20:58', '2025-09-08 10:20:58'),
(255, 51, 23, '2025-09-15', '2025-09-08 10:20:58', '2025-09-08 10:20:58'),
(256, 52, 23, '2025-09-13', '2025-09-08 10:20:58', '2025-09-08 10:20:58'),
(257, 52, 16, '2025-09-10', '2025-09-08 10:20:58', '2025-09-08 10:20:58'),
(258, 52, 25, '2025-09-28', '2025-09-08 10:20:58', '2025-09-08 10:20:58'),
(259, 52, 21, '2025-09-23', '2025-09-08 10:20:58', '2025-09-08 10:20:58'),
(260, 52, 15, '2025-10-03', '2025-09-08 10:20:58', '2025-09-08 10:20:58'),
(261, 53, 30, '2025-09-17', '2025-09-08 10:20:58', '2025-09-08 10:20:58'),
(262, 53, 15, '2025-10-01', '2025-09-08 10:20:58', '2025-09-08 10:20:58'),
(263, 53, 27, '2025-09-14', '2025-09-08 10:20:58', '2025-09-08 10:20:58'),
(264, 53, 18, '2025-09-17', '2025-09-08 10:20:58', '2025-09-08 10:20:58'),
(265, 53, 30, '2025-09-12', '2025-09-08 10:20:58', '2025-09-08 10:20:58'),
(266, 54, 15, '2025-09-21', '2025-09-08 10:20:58', '2025-09-08 10:20:58'),
(267, 54, 26, '2025-10-07', '2025-09-08 10:20:58', '2025-09-08 10:20:58'),
(268, 54, 19, '2025-09-21', '2025-09-08 10:20:58', '2025-09-08 10:20:58'),
(269, 54, 18, '2025-09-17', '2025-09-08 10:20:58', '2025-09-08 10:20:58'),
(270, 54, 30, '2025-09-10', '2025-09-08 10:20:58', '2025-09-08 10:20:58'),
(271, 55, 18, '2025-09-30', '2025-09-08 10:20:58', '2025-09-08 10:20:58'),
(272, 55, 15, '2025-09-26', '2025-09-08 10:20:58', '2025-09-08 10:20:58'),
(273, 55, 25, '2025-09-13', '2025-09-08 10:20:58', '2025-09-08 10:20:58'),
(274, 55, 20, '2025-09-30', '2025-09-08 10:20:58', '2025-09-08 10:20:58'),
(275, 55, 18, '2025-09-09', '2025-09-08 10:20:58', '2025-09-08 10:20:58'),
(276, 56, 27, '2025-10-07', '2025-09-08 10:20:58', '2025-09-08 10:20:58'),
(277, 56, 24, '2025-10-07', '2025-09-08 10:20:58', '2025-09-08 10:20:58'),
(278, 56, 15, '2025-09-28', '2025-09-08 10:20:58', '2025-09-08 10:20:58'),
(279, 56, 16, '2025-10-08', '2025-09-08 10:20:58', '2025-09-08 10:20:58'),
(280, 56, 16, '2025-10-02', '2025-09-08 10:20:58', '2025-09-08 10:20:58'),
(281, 57, 21, '2025-09-27', '2025-09-08 10:20:58', '2025-09-08 10:20:58'),
(282, 57, 16, '2025-09-16', '2025-09-08 10:20:58', '2025-09-08 10:20:58'),
(283, 57, 30, '2025-09-16', '2025-09-08 10:20:58', '2025-09-08 10:20:58'),
(284, 57, 19, '2025-10-03', '2025-09-08 10:20:58', '2025-09-08 10:20:58'),
(285, 57, 26, '2025-10-06', '2025-09-08 10:20:58', '2025-09-08 10:20:58'),
(286, 58, 24, '2025-10-07', '2025-09-08 10:20:58', '2025-09-08 10:20:58'),
(287, 58, 20, '2025-09-09', '2025-09-08 10:20:58', '2025-09-08 10:20:58'),
(288, 58, 28, '2025-09-13', '2025-09-08 10:20:58', '2025-09-08 10:20:58'),
(289, 58, 20, '2025-10-04', '2025-09-08 10:20:58', '2025-09-08 10:20:58'),
(290, 58, 27, '2025-10-01', '2025-09-08 10:20:58', '2025-09-08 10:20:58'),
(291, 59, 26, '2025-10-08', '2025-09-08 10:20:58', '2025-09-08 10:20:58'),
(292, 59, 24, '2025-09-10', '2025-09-08 10:20:58', '2025-09-08 10:20:58'),
(293, 59, 27, '2025-09-19', '2025-09-08 10:20:58', '2025-09-08 10:20:58'),
(294, 59, 29, '2025-09-09', '2025-09-08 10:20:58', '2025-09-08 10:20:58'),
(295, 59, 19, '2025-09-26', '2025-09-08 10:20:58', '2025-09-08 10:20:58'),
(296, 60, 18, '2025-09-11', '2025-09-08 10:20:58', '2025-09-08 10:20:58'),
(297, 60, 29, '2025-09-23', '2025-09-08 10:20:58', '2025-09-08 10:20:58'),
(298, 60, 15, '2025-10-06', '2025-09-08 10:20:58', '2025-09-08 10:20:58'),
(299, 60, 19, '2025-10-04', '2025-09-08 10:20:58', '2025-09-08 10:20:58'),
(300, 60, 25, '2025-10-07', '2025-09-08 10:20:58', '2025-09-08 10:20:58'),
(301, 61, 16, '2025-10-01', '2025-09-08 10:20:58', '2025-09-08 10:20:58'),
(302, 61, 15, '2025-10-07', '2025-09-08 10:20:58', '2025-09-08 10:20:58'),
(303, 61, 21, '2025-09-16', '2025-09-08 10:20:58', '2025-09-08 10:20:58'),
(304, 61, 21, '2025-09-24', '2025-09-08 10:20:58', '2025-09-08 10:20:58'),
(305, 61, 21, '2025-09-12', '2025-09-08 10:20:58', '2025-09-08 10:20:58'),
(306, 62, 20, '2025-09-17', '2025-09-08 10:20:58', '2025-09-08 10:20:58'),
(307, 62, 24, '2025-10-08', '2025-09-08 10:20:58', '2025-09-08 10:20:58'),
(308, 62, 24, '2025-09-10', '2025-09-08 10:20:58', '2025-09-08 10:20:58'),
(309, 62, 21, '2025-10-02', '2025-09-08 10:20:58', '2025-09-08 10:20:58'),
(310, 62, 27, '2025-09-16', '2025-09-08 10:20:58', '2025-09-08 10:20:58'),
(311, 63, 17, '2025-09-29', '2025-09-08 10:20:58', '2025-09-08 10:20:58'),
(312, 63, 20, '2025-09-19', '2025-09-08 10:20:58', '2025-09-08 10:20:58'),
(313, 63, 27, '2025-10-01', '2025-09-08 10:20:58', '2025-09-08 10:20:58'),
(314, 63, 16, '2025-09-28', '2025-09-08 10:20:58', '2025-09-08 10:20:58'),
(315, 63, 25, '2025-09-15', '2025-09-08 10:20:58', '2025-09-08 10:20:58'),
(316, 64, 30, '2025-09-23', '2025-09-08 10:20:58', '2025-09-08 10:20:58'),
(317, 64, 24, '2025-09-09', '2025-09-08 10:20:58', '2025-09-08 10:20:58'),
(318, 64, 17, '2025-09-15', '2025-09-08 10:20:58', '2025-09-08 10:20:58'),
(319, 64, 28, '2025-10-02', '2025-09-08 10:20:58', '2025-09-08 10:20:58'),
(320, 64, 15, '2025-10-06', '2025-09-08 10:20:58', '2025-09-08 10:20:58'),
(321, 65, 29, '2025-09-13', '2025-09-08 10:20:58', '2025-09-08 10:20:58'),
(322, 65, 23, '2025-10-03', '2025-09-08 10:20:58', '2025-09-08 10:20:58'),
(323, 65, 18, '2025-10-07', '2025-09-08 10:20:58', '2025-09-08 10:20:58'),
(324, 65, 20, '2025-09-20', '2025-09-08 10:20:58', '2025-09-08 10:20:58'),
(325, 65, 28, '2025-09-23', '2025-09-08 10:20:58', '2025-09-08 10:20:58'),
(326, 66, 25, '2025-09-15', '2025-09-08 10:20:58', '2025-09-08 10:20:58'),
(327, 66, 27, '2025-09-23', '2025-09-08 10:20:58', '2025-09-08 10:20:58'),
(328, 66, 17, '2025-09-10', '2025-09-08 10:20:58', '2025-09-08 10:20:58'),
(329, 66, 26, '2025-09-09', '2025-09-08 10:20:58', '2025-09-08 10:20:58'),
(330, 66, 25, '2025-10-01', '2025-09-08 10:20:58', '2025-09-08 10:20:58'),
(331, 67, 23, '2025-09-22', '2025-09-08 10:20:58', '2025-09-08 10:20:58'),
(332, 67, 27, '2025-10-03', '2025-09-08 10:20:58', '2025-09-08 10:20:58'),
(333, 67, 26, '2025-09-24', '2025-09-08 10:20:58', '2025-09-08 10:20:58'),
(334, 67, 23, '2025-10-05', '2025-09-08 10:20:58', '2025-09-08 10:20:58'),
(335, 67, 29, '2025-09-26', '2025-09-08 10:20:58', '2025-09-08 10:20:58'),
(336, 68, 16, '2025-09-27', '2025-09-08 10:20:58', '2025-09-08 10:20:58'),
(337, 68, 25, '2025-09-18', '2025-09-08 10:20:58', '2025-09-08 10:20:58'),
(338, 68, 25, '2025-09-24', '2025-09-08 10:20:58', '2025-09-08 10:20:58'),
(339, 68, 27, '2025-10-04', '2025-09-08 10:20:58', '2025-09-08 10:20:58'),
(340, 68, 27, '2025-09-18', '2025-09-08 10:20:58', '2025-09-08 10:20:58'),
(341, 69, 29, '2025-10-08', '2025-09-08 10:20:58', '2025-09-08 10:20:58'),
(342, 69, 27, '2025-09-26', '2025-09-08 10:20:58', '2025-09-08 10:20:58'),
(343, 69, 25, '2025-09-29', '2025-09-08 10:20:58', '2025-09-08 10:20:58'),
(344, 69, 27, '2025-09-20', '2025-09-08 10:20:58', '2025-09-08 10:20:58'),
(345, 69, 28, '2025-09-22', '2025-09-08 10:20:58', '2025-09-08 10:20:58'),
(346, 70, 23, '2025-09-29', '2025-09-08 10:20:58', '2025-09-08 10:20:58'),
(347, 70, 26, '2025-09-12', '2025-09-08 10:20:58', '2025-09-08 10:20:58'),
(348, 70, 29, '2025-09-13', '2025-09-08 10:20:58', '2025-09-08 10:20:58'),
(349, 70, 15, '2025-09-27', '2025-09-08 10:20:58', '2025-09-08 10:20:58'),
(350, 70, 22, '2025-09-12', '2025-09-08 10:20:58', '2025-09-08 10:20:58'),
(351, 71, 24, '2025-09-17', '2025-09-08 10:20:58', '2025-09-08 10:20:58'),
(352, 71, 20, '2025-10-08', '2025-09-08 10:20:58', '2025-09-08 10:20:58'),
(353, 71, 26, '2025-09-10', '2025-09-08 10:20:58', '2025-09-08 10:20:58'),
(354, 71, 28, '2025-09-30', '2025-09-08 10:20:58', '2025-09-08 10:20:58'),
(355, 71, 16, '2025-10-01', '2025-09-08 10:20:58', '2025-09-08 10:20:58'),
(356, 72, 28, '2025-10-05', '2025-09-08 10:20:58', '2025-09-08 10:20:58'),
(357, 72, 19, '2025-09-30', '2025-09-08 10:20:58', '2025-09-08 10:20:58'),
(358, 72, 20, '2025-10-04', '2025-09-08 10:20:58', '2025-09-08 10:20:58'),
(359, 72, 27, '2025-09-13', '2025-09-08 10:20:58', '2025-09-08 10:20:58'),
(360, 72, 15, '2025-09-26', '2025-09-08 10:20:58', '2025-09-08 10:20:58'),
(361, 73, 19, '2025-10-01', '2025-09-08 10:20:58', '2025-09-08 10:20:58'),
(362, 73, 19, '2025-09-09', '2025-09-08 10:20:58', '2025-09-08 10:20:58'),
(363, 73, 19, '2025-10-05', '2025-09-08 10:20:58', '2025-09-08 10:20:58'),
(364, 73, 17, '2025-09-17', '2025-09-08 10:20:58', '2025-09-08 10:20:58'),
(365, 73, 30, '2025-10-02', '2025-09-08 10:20:58', '2025-09-08 10:20:58'),
(366, 74, 16, '2025-09-27', '2025-09-08 10:20:58', '2025-09-08 10:20:58'),
(367, 74, 24, '2025-09-23', '2025-09-08 10:20:58', '2025-09-08 10:20:58'),
(368, 74, 26, '2025-09-18', '2025-09-08 10:20:58', '2025-09-08 10:20:58'),
(369, 74, 27, '2025-09-20', '2025-09-08 10:20:58', '2025-09-08 10:20:58'),
(370, 74, 30, '2025-10-08', '2025-09-08 10:20:58', '2025-09-08 10:20:58'),
(371, 75, 16, '2025-09-18', '2025-09-08 10:20:58', '2025-09-08 10:20:58'),
(372, 75, 27, '2025-10-07', '2025-09-08 10:20:58', '2025-09-08 10:20:58'),
(373, 75, 23, '2025-09-22', '2025-09-08 10:20:58', '2025-09-08 10:20:58'),
(374, 75, 20, '2025-09-15', '2025-09-08 10:20:58', '2025-09-08 10:20:58'),
(375, 75, 25, '2025-09-09', '2025-09-08 10:20:58', '2025-09-08 10:20:58'),
(376, 76, 24, '2025-09-14', '2025-09-08 10:20:58', '2025-09-08 10:20:58'),
(377, 76, 27, '2025-09-24', '2025-09-08 10:20:58', '2025-09-08 10:20:58'),
(378, 76, 28, '2025-10-04', '2025-09-08 10:20:58', '2025-09-08 10:20:58'),
(379, 76, 23, '2025-09-29', '2025-09-08 10:20:58', '2025-09-08 10:20:58'),
(380, 76, 24, '2025-09-23', '2025-09-08 10:20:58', '2025-09-08 10:20:58'),
(381, 77, 27, '2025-10-05', '2025-09-08 10:20:58', '2025-09-08 10:20:58'),
(382, 77, 17, '2025-09-14', '2025-09-08 10:20:58', '2025-09-08 10:20:58'),
(383, 77, 15, '2025-10-04', '2025-09-08 10:20:58', '2025-09-08 10:20:58'),
(384, 77, 25, '2025-10-08', '2025-09-08 10:20:58', '2025-09-08 10:20:58'),
(385, 77, 15, '2025-09-11', '2025-09-08 10:20:58', '2025-09-08 10:20:58'),
(386, 78, 18, '2025-10-06', '2025-09-08 10:20:58', '2025-09-08 10:20:58'),
(387, 78, 26, '2025-09-26', '2025-09-08 10:20:58', '2025-09-08 10:20:58'),
(388, 78, 18, '2025-09-23', '2025-09-08 10:20:58', '2025-09-08 10:20:58'),
(389, 78, 24, '2025-09-19', '2025-09-08 10:20:58', '2025-09-08 10:20:58'),
(390, 78, 20, '2025-09-24', '2025-09-08 10:20:58', '2025-09-08 10:20:58'),
(391, 79, 19, '2025-09-15', '2025-09-08 10:20:58', '2025-09-08 10:20:58'),
(392, 79, 27, '2025-09-20', '2025-09-08 10:20:58', '2025-09-08 10:20:58'),
(393, 79, 16, '2025-10-03', '2025-09-08 10:20:58', '2025-09-08 10:20:58'),
(394, 79, 21, '2025-10-04', '2025-09-08 10:20:58', '2025-09-08 10:20:58'),
(395, 79, 25, '2025-09-13', '2025-09-08 10:20:58', '2025-09-08 10:20:58'),
(396, 80, 29, '2025-09-11', '2025-09-08 10:20:58', '2025-09-08 10:20:58'),
(397, 80, 18, '2025-09-16', '2025-09-08 10:20:58', '2025-09-08 10:20:58'),
(398, 80, 16, '2025-09-24', '2025-09-08 10:20:58', '2025-09-08 10:20:58'),
(399, 80, 22, '2025-09-19', '2025-09-08 10:20:58', '2025-09-08 10:20:58'),
(400, 80, 18, '2025-10-07', '2025-09-08 10:20:58', '2025-09-08 10:20:58'),
(401, 81, 20, '2025-09-14', '2025-09-08 10:20:58', '2025-09-08 10:20:58'),
(402, 81, 23, '2025-09-13', '2025-09-08 10:20:58', '2025-09-08 10:20:58'),
(403, 81, 18, '2025-10-02', '2025-09-08 10:20:58', '2025-09-08 10:20:58'),
(404, 81, 23, '2025-10-07', '2025-09-08 10:20:58', '2025-09-08 10:20:58'),
(405, 81, 30, '2025-09-10', '2025-09-08 10:20:58', '2025-09-08 10:20:58'),
(406, 82, 30, '2025-09-25', '2025-09-08 10:20:58', '2025-09-08 10:20:58'),
(407, 82, 20, '2025-10-08', '2025-09-08 10:20:58', '2025-09-08 10:20:58'),
(408, 82, 21, '2025-10-08', '2025-09-08 10:20:58', '2025-09-08 10:20:58'),
(409, 82, 30, '2025-09-28', '2025-09-08 10:20:58', '2025-09-08 10:20:58'),
(410, 82, 19, '2025-09-15', '2025-09-08 10:20:58', '2025-09-08 10:20:58'),
(411, 83, 30, '2025-09-14', '2025-09-08 10:20:58', '2025-09-08 10:20:58'),
(412, 83, 19, '2025-09-15', '2025-09-08 10:20:58', '2025-09-08 10:20:58'),
(413, 83, 20, '2025-09-24', '2025-09-08 10:20:58', '2025-09-08 10:20:58'),
(414, 83, 29, '2025-09-28', '2025-09-08 10:20:58', '2025-09-08 10:20:58'),
(415, 83, 26, '2025-09-26', '2025-09-08 10:20:58', '2025-09-08 10:20:58'),
(416, 84, 28, '2025-09-26', '2025-09-08 10:20:58', '2025-09-08 10:20:58'),
(417, 84, 15, '2025-10-01', '2025-09-08 10:20:58', '2025-09-08 10:20:58'),
(418, 84, 15, '2025-09-21', '2025-09-08 10:20:58', '2025-09-08 10:20:58'),
(419, 84, 21, '2025-10-04', '2025-09-08 10:20:58', '2025-09-08 10:20:58'),
(420, 84, 26, '2025-09-22', '2025-09-08 10:20:58', '2025-09-08 10:20:58'),
(421, 85, 17, '2025-10-03', '2025-09-08 10:20:58', '2025-09-08 10:20:58'),
(422, 85, 21, '2025-09-21', '2025-09-08 10:20:58', '2025-09-08 10:20:58'),
(423, 85, 19, '2025-09-11', '2025-09-08 10:20:58', '2025-09-08 10:20:58'),
(424, 85, 19, '2025-10-01', '2025-09-08 10:20:58', '2025-09-08 10:20:58'),
(425, 85, 29, '2025-09-11', '2025-09-08 10:20:58', '2025-09-08 10:20:58'),
(426, 86, 19, '2025-10-07', '2025-09-08 10:20:58', '2025-09-08 10:20:58'),
(427, 86, 30, '2025-10-06', '2025-09-08 10:20:58', '2025-09-08 10:20:58'),
(428, 86, 24, '2025-09-28', '2025-09-08 10:20:58', '2025-09-08 10:20:58'),
(429, 86, 19, '2025-09-12', '2025-09-08 10:20:58', '2025-09-08 10:20:58'),
(430, 86, 16, '2025-10-08', '2025-09-08 10:20:58', '2025-09-08 10:20:58'),
(431, 87, 22, '2025-09-24', '2025-09-08 10:20:58', '2025-09-08 10:20:58'),
(432, 87, 18, '2025-10-07', '2025-09-08 10:20:58', '2025-09-08 10:20:58'),
(433, 87, 23, '2025-09-17', '2025-09-08 10:20:58', '2025-09-08 10:20:58'),
(434, 87, 19, '2025-09-19', '2025-09-08 10:20:58', '2025-09-08 10:20:58'),
(435, 87, 20, '2025-09-22', '2025-09-08 10:20:58', '2025-09-08 10:20:58'),
(436, 88, 17, '2025-09-25', '2025-09-08 10:20:58', '2025-09-08 10:20:58'),
(437, 88, 20, '2025-10-06', '2025-09-08 10:20:58', '2025-09-08 10:20:58'),
(438, 88, 24, '2025-09-22', '2025-09-08 10:20:58', '2025-09-08 10:20:58'),
(439, 88, 16, '2025-09-09', '2025-09-08 10:20:58', '2025-09-08 10:20:58'),
(440, 88, 22, '2025-09-22', '2025-09-08 10:20:58', '2025-09-08 10:20:58'),
(441, 89, 23, '2025-09-15', '2025-09-08 10:20:58', '2025-09-08 10:20:58'),
(442, 89, 21, '2025-09-30', '2025-09-08 10:20:58', '2025-09-08 10:20:58'),
(443, 89, 30, '2025-10-07', '2025-09-08 10:20:58', '2025-09-08 10:20:58'),
(444, 89, 28, '2025-09-28', '2025-09-08 10:20:58', '2025-09-08 10:20:58'),
(445, 89, 26, '2025-09-13', '2025-09-08 10:20:58', '2025-09-08 10:20:58'),
(446, 90, 20, '2025-10-01', '2025-09-08 10:20:58', '2025-09-08 10:20:58'),
(447, 90, 16, '2025-10-08', '2025-09-08 10:20:58', '2025-09-08 10:20:58'),
(448, 90, 22, '2025-09-29', '2025-09-08 10:20:58', '2025-09-08 10:20:58'),
(449, 90, 23, '2025-09-28', '2025-09-08 10:20:58', '2025-09-08 10:20:58'),
(450, 90, 29, '2025-09-29', '2025-09-08 10:20:58', '2025-09-08 10:20:58'),
(451, 91, 18, '2025-09-17', '2025-09-08 10:20:58', '2025-09-08 10:20:58'),
(452, 91, 30, '2025-09-28', '2025-09-08 10:20:58', '2025-09-08 10:20:58'),
(453, 91, 15, '2025-09-10', '2025-09-08 10:20:58', '2025-09-08 10:20:58'),
(454, 91, 27, '2025-09-20', '2025-09-08 10:20:58', '2025-09-08 10:20:58'),
(455, 91, 17, '2025-09-20', '2025-09-08 10:20:58', '2025-09-08 10:20:58'),
(456, 92, 21, '2025-09-28', '2025-09-08 10:20:58', '2025-09-08 10:20:58'),
(457, 92, 29, '2025-10-07', '2025-09-08 10:20:58', '2025-09-08 10:20:58'),
(458, 92, 25, '2025-09-13', '2025-09-08 10:20:58', '2025-09-08 10:20:58'),
(459, 92, 29, '2025-10-08', '2025-09-08 10:20:58', '2025-09-08 10:20:58'),
(460, 92, 18, '2025-09-24', '2025-09-08 10:20:58', '2025-09-08 10:20:58'),
(461, 93, 29, '2025-09-14', '2025-09-08 10:20:58', '2025-09-08 10:20:58'),
(462, 93, 16, '2025-09-15', '2025-09-08 10:20:58', '2025-09-08 10:20:58'),
(463, 93, 20, '2025-09-09', '2025-09-08 10:20:58', '2025-09-08 10:20:58'),
(464, 93, 28, '2025-09-26', '2025-09-08 10:20:58', '2025-09-08 10:20:58'),
(465, 93, 21, '2025-10-03', '2025-09-08 10:20:58', '2025-09-08 10:20:58'),
(466, 94, 25, '2025-09-10', '2025-09-08 10:20:58', '2025-09-08 10:20:58'),
(467, 94, 19, '2025-09-10', '2025-09-08 10:20:58', '2025-09-08 10:20:58'),
(468, 94, 15, '2025-09-19', '2025-09-08 10:20:58', '2025-09-08 10:20:58'),
(469, 94, 26, '2025-09-14', '2025-09-08 10:20:58', '2025-09-08 10:20:58'),
(470, 94, 22, '2025-09-30', '2025-09-08 10:20:58', '2025-09-08 10:20:58'),
(471, 95, 28, '2025-10-05', '2025-09-08 10:20:58', '2025-09-08 10:20:58'),
(472, 95, 29, '2025-09-12', '2025-09-08 10:20:58', '2025-09-08 10:20:58'),
(473, 95, 19, '2025-10-03', '2025-09-08 10:20:58', '2025-09-08 10:20:58'),
(474, 95, 30, '2025-09-30', '2025-09-08 10:20:58', '2025-09-08 10:20:58'),
(475, 95, 21, '2025-09-29', '2025-09-08 10:20:58', '2025-09-08 10:20:58'),
(476, 96, 23, '2025-09-10', '2025-09-08 10:20:58', '2025-09-08 10:20:58'),
(477, 96, 29, '2025-09-26', '2025-09-08 10:20:58', '2025-09-08 10:20:58'),
(478, 96, 18, '2025-10-03', '2025-09-08 10:20:58', '2025-09-08 10:20:58'),
(479, 96, 25, '2025-10-06', '2025-09-08 10:20:58', '2025-09-08 10:20:58'),
(480, 96, 29, '2025-09-20', '2025-09-08 10:20:58', '2025-09-08 10:20:58'),
(481, 97, 20, '2025-09-22', '2025-09-08 10:20:58', '2025-09-08 10:20:58'),
(482, 97, 19, '2025-09-28', '2025-09-08 10:20:58', '2025-09-08 10:20:58'),
(483, 97, 23, '2025-09-16', '2025-09-08 10:20:58', '2025-09-08 10:20:58'),
(484, 97, 17, '2025-09-28', '2025-09-08 10:20:58', '2025-09-08 10:20:58'),
(485, 97, 22, '2025-09-19', '2025-09-08 10:20:58', '2025-09-08 10:20:58'),
(486, 98, 26, '2025-09-12', '2025-09-08 10:20:58', '2025-09-08 10:20:58'),
(487, 98, 17, '2025-09-21', '2025-09-08 10:20:58', '2025-09-08 10:20:58'),
(488, 98, 29, '2025-09-20', '2025-09-08 10:20:58', '2025-09-08 10:20:58'),
(489, 98, 15, '2025-10-01', '2025-09-08 10:20:58', '2025-09-08 10:20:58'),
(490, 98, 16, '2025-09-28', '2025-09-08 10:20:58', '2025-09-08 10:20:58'),
(491, 99, 22, '2025-09-21', '2025-09-08 10:20:58', '2025-09-08 10:20:58'),
(492, 99, 19, '2025-09-15', '2025-09-08 10:20:58', '2025-09-08 10:20:58'),
(493, 99, 23, '2025-09-27', '2025-09-08 10:20:58', '2025-09-08 10:20:58'),
(494, 99, 23, '2025-09-09', '2025-09-08 10:20:58', '2025-09-08 10:20:58'),
(495, 99, 28, '2025-09-23', '2025-09-08 10:20:58', '2025-09-08 10:20:58'),
(496, 100, 16, '2025-09-20', '2025-09-08 10:20:58', '2025-09-08 10:20:58'),
(497, 100, 18, '2025-09-13', '2025-09-08 10:20:58', '2025-09-08 10:20:58'),
(498, 100, 30, '2025-09-20', '2025-09-08 10:20:58', '2025-09-08 10:20:58'),
(499, 100, 28, '2025-10-05', '2025-09-08 10:20:58', '2025-09-08 10:20:58'),
(500, 100, 25, '2025-09-18', '2025-09-08 10:20:58', '2025-09-08 10:20:58');

-- --------------------------------------------------------

--
-- Table structure for table `jobs`
--

CREATE TABLE `jobs` (
  `id` bigint UNSIGNED NOT NULL,
  `queue` varchar(255) COLLATE utf8mb4_unicode_ci NOT NULL,
  `payload` longtext COLLATE utf8mb4_unicode_ci NOT NULL,
  `attempts` tinyint UNSIGNED NOT NULL,
  `reserved_at` int UNSIGNED DEFAULT NULL,
  `available_at` int UNSIGNED NOT NULL,
  `created_at` int UNSIGNED NOT NULL
) ENGINE=InnoDB DEFAULT CHARSET=utf8mb4 COLLATE=utf8mb4_unicode_ci;

-- --------------------------------------------------------

--
-- Table structure for table `job_batches`
--

CREATE TABLE `job_batches` (
  `id` varchar(255) COLLATE utf8mb4_unicode_ci NOT NULL,
  `name` varchar(255) COLLATE utf8mb4_unicode_ci NOT NULL,
  `total_jobs` int NOT NULL,
  `pending_jobs` int NOT NULL,
  `failed_jobs` int NOT NULL,
  `failed_job_ids` longtext COLLATE utf8mb4_unicode_ci NOT NULL,
  `options` mediumtext COLLATE utf8mb4_unicode_ci,
  `cancelled_at` int DEFAULT NULL,
  `created_at` int NOT NULL,
  `finished_at` int DEFAULT NULL
) ENGINE=InnoDB DEFAULT CHARSET=utf8mb4 COLLATE=utf8mb4_unicode_ci;

-- --------------------------------------------------------

--
-- Table structure for table `migrations`
--

CREATE TABLE `migrations` (
  `id` int UNSIGNED NOT NULL,
  `migration` varchar(255) COLLATE utf8mb4_unicode_ci NOT NULL,
  `batch` int NOT NULL
) ENGINE=InnoDB DEFAULT CHARSET=utf8mb4 COLLATE=utf8mb4_unicode_ci;

--
-- Dumping data for table `migrations`
--

INSERT INTO `migrations` (`id`, `migration`, `batch`) VALUES
(1, '0001_01_01_000000_create_users_table', 1),
(2, '0001_01_01_000001_create_cache_table', 1),
(3, '0001_01_01_000002_create_jobs_table', 1),
(4, '2025_09_06_132138_create_weather_table', 2),
(5, '2025_09_07_182319_create_cities_models_table', 3),
(6, '2025_09_07_183956_add_city_id_to_weather', 4),
(7, '2025_09_08_123619_create_forecast_models_table', 5);

-- --------------------------------------------------------

--
-- Table structure for table `password_reset_tokens`
--

CREATE TABLE `password_reset_tokens` (
  `email` varchar(255) COLLATE utf8mb4_unicode_ci NOT NULL,
  `token` varchar(255) COLLATE utf8mb4_unicode_ci NOT NULL,
  `created_at` timestamp NULL DEFAULT NULL
) ENGINE=InnoDB DEFAULT CHARSET=utf8mb4 COLLATE=utf8mb4_unicode_ci;

-- --------------------------------------------------------

--
-- Table structure for table `sessions`
--

CREATE TABLE `sessions` (
  `id` varchar(255) COLLATE utf8mb4_unicode_ci NOT NULL,
  `user_id` bigint UNSIGNED DEFAULT NULL,
  `ip_address` varchar(45) COLLATE utf8mb4_unicode_ci DEFAULT NULL,
  `user_agent` text COLLATE utf8mb4_unicode_ci,
  `payload` longtext COLLATE utf8mb4_unicode_ci NOT NULL,
  `last_activity` int NOT NULL
) ENGINE=InnoDB DEFAULT CHARSET=utf8mb4 COLLATE=utf8mb4_unicode_ci;

-- --------------------------------------------------------

--
-- Table structure for table `users`
--

CREATE TABLE `users` (
  `id` bigint UNSIGNED NOT NULL,
  `name` varchar(255) COLLATE utf8mb4_unicode_ci NOT NULL,
  `email` varchar(255) COLLATE utf8mb4_unicode_ci NOT NULL,
  `email_verified_at` timestamp NULL DEFAULT NULL,
  `password` varchar(255) COLLATE utf8mb4_unicode_ci NOT NULL,
  `remember_token` varchar(100) COLLATE utf8mb4_unicode_ci DEFAULT NULL,
  `created_at` timestamp NULL DEFAULT NULL,
  `updated_at` timestamp NULL DEFAULT NULL
) ENGINE=InnoDB DEFAULT CHARSET=utf8mb4 COLLATE=utf8mb4_unicode_ci;

--
-- Dumping data for table `users`
--

INSERT INTO `users` (`id`, `name`, `email`, `email_verified_at`, `password`, `remember_token`, `created_at`, `updated_at`) VALUES
(1, 'Sale', 'aleksandar.duncic@gmail.com', NULL, '$2y$12$muPSfFxF/Clb22vA.1LGGOomGaablc.ajFZfnkY27n0qYFIOlP6Pa', NULL, '2025-09-07 10:31:34', '2025-09-07 10:31:34'),
(2, 'nikola', 'nikola.d@gmail.com', NULL, '$2y$12$Cr9OUTF.5YW/HUUTCOCT1e7IgTyYnIiz8lpiPDRGU9iD52iRXPLy2', NULL, '2025-09-07 10:32:54', '2025-09-07 10:32:54'),
(4, 'asfasf', 'aleksandar.duncic1@gmail.com', NULL, '$2y$12$rO6bPGqFqgF0gHxGclPNFuvpaHGrTA0BWq4nH4zKQju/KBgAylzEG', NULL, '2025-09-07 10:50:07', '2025-09-07 10:50:07'),
(5, 'sale', 'sale@gmail.com', NULL, '$2y$12$0TZgsJC62EIHkH4W6THPkeYGp82ivZTKgex/mQSsK.Z.BfBf3nSvG', NULL, '2025-09-07 10:52:04', '2025-09-07 10:52:04'),
(6, 'Nikola12345', 'nikola1@gmail.com', NULL, '$2y$12$WicevYv/LvPU/BgBsJ2EL.pyGkWTwmInh/wcLxwGYtlu6YRrTCPhq', NULL, '2025-09-07 10:56:38', '2025-09-07 10:56:38');

-- --------------------------------------------------------

--
-- Table structure for table `weather`
--

CREATE TABLE `weather` (
  `id` bigint UNSIGNED NOT NULL,
  `temperature` float NOT NULL,
  `created_at` timestamp NULL DEFAULT NULL,
  `updated_at` timestamp NULL DEFAULT NULL,
  `city_id` bigint UNSIGNED NOT NULL
) ENGINE=InnoDB DEFAULT CHARSET=utf8mb4 COLLATE=utf8mb4_unicode_ci;

--
-- Dumping data for table `weather`
--

INSERT INTO `weather` (`id`, `temperature`, `created_at`, `updated_at`, `city_id`) VALUES
(1, 26, '2025-09-08 10:31:17', '2025-09-08 10:31:17', 1),
(2, 24, '2025-09-08 10:31:17', '2025-09-08 10:31:17', 2),
(3, 15, '2025-09-08 10:31:17', '2025-09-08 10:31:17', 3),
(4, 28, '2025-09-08 10:31:17', '2025-09-08 10:31:17', 4),
(5, 15, '2025-09-08 10:31:17', '2025-09-08 10:31:17', 5),
(6, 25, '2025-09-08 10:31:17', '2025-09-08 10:31:17', 6),
(7, 30, '2025-09-08 10:31:17', '2025-09-08 10:31:17', 7),
(8, 17, '2025-09-08 10:31:17', '2025-09-08 10:31:17', 8),
(9, 16, '2025-09-08 10:31:17', '2025-09-08 10:31:17', 9),
(10, 15, '2025-09-08 10:31:17', '2025-09-08 10:31:17', 10),
(11, 16, '2025-09-08 10:31:17', '2025-09-08 10:31:17', 11),
(12, 28, '2025-09-08 10:31:17', '2025-09-08 10:31:17', 12),
(13, 22, '2025-09-08 10:31:17', '2025-09-08 10:31:17', 13),
(14, 30, '2025-09-08 10:31:17', '2025-09-08 10:31:17', 14),
(15, 24, '2025-09-08 10:31:17', '2025-09-08 10:31:17', 15),
(16, 15, '2025-09-08 10:31:17', '2025-09-08 10:31:17', 16),
(17, 26, '2025-09-08 10:31:17', '2025-09-08 10:31:17', 17),
(18, 30, '2025-09-08 10:31:17', '2025-09-08 10:31:17', 18),
(19, 24, '2025-09-08 10:31:17', '2025-09-08 10:31:17', 19),
(20, 26, '2025-09-08 10:31:17', '2025-09-08 10:31:17', 20),
(21, 17, '2025-09-08 10:31:17', '2025-09-08 10:31:17', 21),
(22, 22, '2025-09-08 10:31:17', '2025-09-08 10:31:17', 22),
(23, 25, '2025-09-08 10:31:17', '2025-09-08 10:31:17', 23),
(24, 17, '2025-09-08 10:31:17', '2025-09-08 10:31:17', 24),
(25, 30, '2025-09-08 10:31:17', '2025-09-08 10:31:17', 25),
(26, 15, '2025-09-08 10:31:17', '2025-09-08 10:31:17', 26),
(27, 30, '2025-09-08 10:31:17', '2025-09-08 10:31:17', 27),
(28, 30, '2025-09-08 10:31:17', '2025-09-08 10:31:17', 28),
(29, 15, '2025-09-08 10:31:17', '2025-09-08 10:31:17', 29),
(30, 21, '2025-09-08 10:31:17', '2025-09-08 10:31:17', 30),
(31, 18, '2025-09-08 10:31:17', '2025-09-08 10:31:17', 31),
(32, 24, '2025-09-08 10:31:17', '2025-09-08 10:31:17', 32),
(33, 29, '2025-09-08 10:31:17', '2025-09-08 10:31:17', 33),
(34, 25, '2025-09-08 10:31:17', '2025-09-08 10:31:17', 34),
(35, 30, '2025-09-08 10:31:17', '2025-09-08 10:31:17', 35),
(36, 15, '2025-09-08 10:31:17', '2025-09-08 10:31:17', 36),
(37, 22, '2025-09-08 10:31:17', '2025-09-08 10:31:17', 37),
(38, 15, '2025-09-08 10:31:17', '2025-09-08 10:31:17', 38),
(39, 30, '2025-09-08 10:31:17', '2025-09-08 10:31:17', 39),
(40, 16, '2025-09-08 10:31:17', '2025-09-08 10:31:17', 40),
(41, 17, '2025-09-08 10:31:17', '2025-09-08 10:31:17', 41),
(42, 18, '2025-09-08 10:31:17', '2025-09-08 10:31:17', 42),
(43, 15, '2025-09-08 10:31:17', '2025-09-08 10:31:17', 43),
(44, 20, '2025-09-08 10:31:17', '2025-09-08 10:31:17', 44),
(45, 23, '2025-09-08 10:31:17', '2025-09-08 10:31:17', 45),
(46, 21, '2025-09-08 10:31:17', '2025-09-08 10:31:17', 46),
(47, 18, '2025-09-08 10:31:17', '2025-09-08 10:31:17', 47),
(48, 25, '2025-09-08 10:31:17', '2025-09-08 10:31:17', 48),
(49, 20, '2025-09-08 10:31:17', '2025-09-08 10:31:17', 49),
(50, 22, '2025-09-08 10:31:17', '2025-09-08 10:31:17', 50),
(51, 15, '2025-09-08 10:31:17', '2025-09-08 10:31:17', 51),
(52, 29, '2025-09-08 10:31:17', '2025-09-08 10:31:17', 52),
(53, 24, '2025-09-08 10:31:17', '2025-09-08 10:31:17', 53),
(54, 25, '2025-09-08 10:31:17', '2025-09-08 10:31:17', 54),
(55, 25, '2025-09-08 10:31:17', '2025-09-08 10:31:17', 55),
(56, 27, '2025-09-08 10:31:17', '2025-09-08 10:31:17', 56),
(57, 29, '2025-09-08 10:31:17', '2025-09-08 10:31:17', 57),
(58, 15, '2025-09-08 10:31:17', '2025-09-08 10:31:17', 58),
(59, 18, '2025-09-08 10:31:17', '2025-09-08 10:31:17', 59),
(60, 27, '2025-09-08 10:31:17', '2025-09-08 10:31:17', 60),
(61, 22, '2025-09-08 10:31:17', '2025-09-08 10:31:17', 61),
(62, 22, '2025-09-08 10:31:17', '2025-09-08 10:31:17', 62),
(63, 27, '2025-09-08 10:31:17', '2025-09-08 10:31:17', 63),
(64, 24, '2025-09-08 10:31:17', '2025-09-08 10:31:17', 64),
(65, 16, '2025-09-08 10:31:17', '2025-09-08 10:31:17', 65),
(66, 30, '2025-09-08 10:31:17', '2025-09-08 10:31:17', 66),
(67, 19, '2025-09-08 10:31:17', '2025-09-08 10:31:17', 67),
(68, 27, '2025-09-08 10:31:17', '2025-09-08 10:31:17', 68),
(69, 29, '2025-09-08 10:31:17', '2025-09-08 10:31:17', 69),
(70, 30, '2025-09-08 10:31:17', '2025-09-08 10:31:17', 70),
(71, 27, '2025-09-08 10:31:17', '2025-09-08 10:31:17', 71),
(72, 16, '2025-09-08 10:31:17', '2025-09-08 10:31:17', 72),
(73, 20, '2025-09-08 10:31:17', '2025-09-08 10:31:17', 73),
(74, 26, '2025-09-08 10:31:17', '2025-09-08 10:31:17', 74),
(75, 25, '2025-09-08 10:31:17', '2025-09-08 10:31:17', 75),
(76, 27, '2025-09-08 10:31:17', '2025-09-08 10:31:17', 76),
(77, 28, '2025-09-08 10:31:17', '2025-09-08 10:31:17', 77),
(78, 24, '2025-09-08 10:31:17', '2025-09-08 10:31:17', 78),
(79, 27, '2025-09-08 10:31:17', '2025-09-08 10:31:17', 79),
(80, 23, '2025-09-08 10:31:17', '2025-09-08 10:31:17', 80),
(81, 16, '2025-09-08 10:31:17', '2025-09-08 10:31:17', 81),
(82, 28, '2025-09-08 10:31:17', '2025-09-08 10:31:17', 82),
(83, 26, '2025-09-08 10:31:17', '2025-09-08 10:31:17', 83),
(84, 28, '2025-09-08 10:31:17', '2025-09-08 10:31:17', 84),
(85, 18, '2025-09-08 10:31:17', '2025-09-08 10:31:17', 85),
(86, 23, '2025-09-08 10:31:17', '2025-09-08 10:31:17', 86),
(87, 25, '2025-09-08 10:31:17', '2025-09-08 10:31:17', 87),
(88, 17, '2025-09-08 10:31:17', '2025-09-08 10:31:17', 88),
(89, 22, '2025-09-08 10:31:17', '2025-09-08 10:31:17', 89),
(90, 27, '2025-09-08 10:31:17', '2025-09-08 10:31:17', 90),
(91, 15, '2025-09-08 10:31:17', '2025-09-08 10:31:17', 91),
(92, 17, '2025-09-08 10:31:17', '2025-09-08 10:31:17', 92),
(93, 19, '2025-09-08 10:31:17', '2025-09-08 10:31:17', 93),
(94, 17, '2025-09-08 10:31:17', '2025-09-08 10:31:17', 94),
(95, 21, '2025-09-08 10:31:17', '2025-09-08 10:31:17', 95),
(96, 15, '2025-09-08 10:31:17', '2025-09-08 10:31:17', 96),
(97, 15, '2025-09-08 10:31:17', '2025-09-08 10:31:17', 97),
(98, 19, '2025-09-08 10:31:17', '2025-09-08 10:31:17', 98),
(99, 21, '2025-09-08 10:31:17', '2025-09-08 10:31:17', 99),
(100, 27, '2025-09-08 10:31:17', '2025-09-08 10:31:17', 100);

--
-- Indexes for dumped tables
--

--
-- Indexes for table `cache`
--
ALTER TABLE `cache`
  ADD PRIMARY KEY (`key`);

--
-- Indexes for table `cache_locks`
--
ALTER TABLE `cache_locks`
  ADD PRIMARY KEY (`key`);

--
-- Indexes for table `cities`
--
ALTER TABLE `cities`
  ADD PRIMARY KEY (`id`);

--
-- Indexes for table `failed_jobs`
--
ALTER TABLE `failed_jobs`
  ADD PRIMARY KEY (`id`),
  ADD UNIQUE KEY `failed_jobs_uuid_unique` (`uuid`);

--
-- Indexes for table `forecast`
--
ALTER TABLE `forecast`
  ADD PRIMARY KEY (`id`),
  ADD KEY `forecast_city_id_foreign` (`city_id`);

--
-- Indexes for table `jobs`
--
ALTER TABLE `jobs`
  ADD PRIMARY KEY (`id`),
  ADD KEY `jobs_queue_index` (`queue`);

--
-- Indexes for table `job_batches`
--
ALTER TABLE `job_batches`
  ADD PRIMARY KEY (`id`);

--
-- Indexes for table `migrations`
--
ALTER TABLE `migrations`
  ADD PRIMARY KEY (`id`);

--
-- Indexes for table `password_reset_tokens`
--
ALTER TABLE `password_reset_tokens`
  ADD PRIMARY KEY (`email`);

--
-- Indexes for table `sessions`
--
ALTER TABLE `sessions`
  ADD PRIMARY KEY (`id`),
  ADD KEY `sessions_user_id_index` (`user_id`),
  ADD KEY `sessions_last_activity_index` (`last_activity`);

--
-- Indexes for table `users`
--
ALTER TABLE `users`
  ADD PRIMARY KEY (`id`),
  ADD UNIQUE KEY `users_email_unique` (`email`);

--
-- Indexes for table `weather`
--
ALTER TABLE `weather`
  ADD PRIMARY KEY (`id`),
  ADD KEY `weather_city_id_foreign` (`city_id`);

--
-- AUTO_INCREMENT for dumped tables
--

--
-- AUTO_INCREMENT for table `cities`
--
ALTER TABLE `cities`
  MODIFY `id` bigint UNSIGNED NOT NULL AUTO_INCREMENT, AUTO_INCREMENT=101;

--
-- AUTO_INCREMENT for table `failed_jobs`
--
ALTER TABLE `failed_jobs`
  MODIFY `id` bigint UNSIGNED NOT NULL AUTO_INCREMENT;

--
-- AUTO_INCREMENT for table `forecast`
--
ALTER TABLE `forecast`
  MODIFY `id` bigint UNSIGNED NOT NULL AUTO_INCREMENT, AUTO_INCREMENT=501;

--
-- AUTO_INCREMENT for table `jobs`
--
ALTER TABLE `jobs`
  MODIFY `id` bigint UNSIGNED NOT NULL AUTO_INCREMENT;

--
-- AUTO_INCREMENT for table `migrations`
--
ALTER TABLE `migrations`
  MODIFY `id` int UNSIGNED NOT NULL AUTO_INCREMENT, AUTO_INCREMENT=8;

--
-- AUTO_INCREMENT for table `users`
--
ALTER TABLE `users`
  MODIFY `id` bigint UNSIGNED NOT NULL AUTO_INCREMENT, AUTO_INCREMENT=7;

--
-- AUTO_INCREMENT for table `weather`
--
ALTER TABLE `weather`
  MODIFY `id` bigint UNSIGNED NOT NULL AUTO_INCREMENT, AUTO_INCREMENT=101;

--
-- Constraints for dumped tables
--

--
-- Constraints for table `forecast`
--
ALTER TABLE `forecast`
  ADD CONSTRAINT `forecast_city_id_foreign` FOREIGN KEY (`city_id`) REFERENCES `cities` (`id`);

--
-- Constraints for table `weather`
--
ALTER TABLE `weather`
  ADD CONSTRAINT `weather_city_id_foreign` FOREIGN KEY (`city_id`) REFERENCES `cities` (`id`);
COMMIT;

/*!40101 SET CHARACTER_SET_CLIENT=@OLD_CHARACTER_SET_CLIENT */;
/*!40101 SET CHARACTER_SET_RESULTS=@OLD_CHARACTER_SET_RESULTS */;
/*!40101 SET COLLATION_CONNECTION=@OLD_COLLATION_CONNECTION */;
